{"cameraMode":{"drawMode":0,"name":"Shaded","section":"Shading Mode"},"sceneLighting":true,"audioPlay":false,"sceneViewState":{"m_AlwaysRefresh":false,"showFog":true,"showSkybox":true,"showFlares":true,"showImageEffects":true,"showParticleSystems":true,"showVisualEffectGraphs":true,"m_FxEnabled":true},"in2DMode":false,"pivot":{"x":2.8571043014526369,"y":-3.4815492630004885,"z":0.7026824951171875},"rotation":{"x":0.07180459797382355,"y":-0.8972684741020203,"z":0.4056549370288849,"w":0.15883544087409974},"size":6.692372798919678,"orthographic":false}