{"cameraMode":{"drawMode":0,"name":"Shaded","section":"Shading Mode"},"sceneLighting":true,"audioPlay":false,"sceneViewState":{"m_AlwaysRefresh":false,"showFog":true,"showSkybox":true,"showFlares":true,"showImageEffects":true,"showParticleSystems":true,"showVisualEffectGraphs":true,"m_FxEnabled":true},"in2DMode":false,"pivot":{"x":0.6614910960197449,"y":-8.813124656677246,"z":-6.899195671081543},"rotation":{"x":-0.0012545391218736768,"y":-0.9248793721199036,"z":0.38028237223625185,"w":-0.0030476246029138567},"size":9.977089881896973,"orthographic":false}