{"cameraMode":{"drawMode":0,"name":"Shaded","section":"Shading Mode"},"sceneLighting":true,"audioPlay":false,"sceneViewState":{"m_AlwaysRefresh":false,"showFog":true,"showSkybox":true,"showFlares":true,"showImageEffects":true,"showParticleSystems":true,"showVisualEffectGraphs":true,"m_FxEnabled":true},"in2DMode":false,"pivot":{"x":-2.195798397064209,"y":0.17011618614196778,"z":2.755734443664551},"rotation":{"x":0.22848820686340333,"y":0.06799426674842835,"z":-0.01599830575287342,"w":0.9710399508476257},"size":3.7899742126464845,"orthographic":false}